{
  "results": [
    {
      "command": "cargo run --release --bin 1brc measurements_1000000000.txt",
      "mean": 11.61481411152,
      "stddev": 1.6447334482677183,
      "median": 11.81813333352,
      "user": 43.55566462666667,
      "system": 7.316738046666667,
      "min": 9.877873458520002,
      "max": 13.148435542520001,
      "times": [
        13.148435542520001,
        11.81813333352,
        9.877873458520002
      ],
      "exit_codes": [
        0,
        0,
        0
      ]
    },
    {
      "command": "cargo run --release --bin lucretiel_1brc measurements_1000000000.txt",
      "mean": 11.55440516752,
      "stddev": 1.1389597505435085,
      "median": 12.04923320852,
      "user": 46.03043662666666,
      "system": 6.829955713333334,
      "min": 10.25172425152,
      "max": 12.36225804252,
      "times": [
        12.04923320852,
        12.36225804252,
        10.25172425152
      ],
      "exit_codes": [
        0,
        0,
        0
      ]
    }
  ]
}
